gene,q,turnover_half_life_[min],turnover_time_[min],initation_time_[min],ratio
NM_001001880.2,0.0202593192868719,4.8027982460736,3.32904606306416,232.26332318012,48.3600000000001
NM_001003919.1,0.132176234979974,4.8027982460736,3.32904606306416,31.5335238378568,6.56565656565654
NM_001004140.2,0.21007685738685,4.8027982460736,3.32904606306416,18.0593023480409,3.760162601626
NM_001004191.3,0,3.95551610979111,2.74175483916115,Inf,Inf
NM_001007567.2,0.0652883569096844,3.95551610979111,2.74175483916115,56.6298056385094,14.3166666666667
NM_001007571.2,0.00436795666986983,4.8027982460736,3.32904606306416,1094.74983221002,227.94
NM_001009935.2,0.101223270146606,4.8027982460736,3.32904606306416,42.6447722495004,8.87915129151292
NM_001012273.1,0.0734042553191489,3.95551610979111,2.74175483916115,49.9312250960588,12.6231884057971
NM_001012309.2,0.033050305852278,4.8027982460736,3.32904606306416,140.515017193827,29.256906077348
NM_001024526.2,0.0310077519379845,3.95551610979111,2.74175483916115,123.609878430972,31.25
NM_001024910.3,0.0145530145530145,4.8027982460736,3.32904606306416,325.218052662698,67.7142857142858
NM_001025392.1,0.105491777846727,3.95551610979111,2.74175483916115,33.5404498368464,8.47941176470588
NM_001033170.4,0.0658914728682169,8.65616258299648,5.9999946888725,122.713834264833,14.1764705882353
NM_001033336.3,0.0303030303030303,4.8027982460736,3.32904606306416,153.689543874355,32
NM_001033352.3,0.0723888314374353,4.8027982460736,3.32904606306416,61.5444289532574,12.8142857142857
NM_001033355.3,0,8.65616258299648,5.9999946888725,Inf,Inf
NM_001033908.1,0.00973038718832353,3.95551610979111,2.74175483916115,402.556170756866,101.770833333333
NM_001034862.2,0,3.95551610979111,2.74175483916115,Inf,Inf
NM_001037725.3,0,4.8027982460736,3.32904606306416,Inf,Inf
NM_001037726.1,0.018782014797951,4.8027982460736,3.32904606306416,250.909823522148,52.2424242424243
NM_001037878.3,0.0380535055350553,4.8027982460736,3.32904606306416,121.408918087109,25.2787878787879
NM_001038608.2,0.0471204188481676,4.8027982460736,3.32904606306416,97.1232534205993,20.2222222222222
NM_001039084.1,0.08679706601467,4.8027982460736,3.32904606306416,50.5308491523517,10.5211267605634
NM_001039129.4,0.135424091233072,3.95551610979111,2.74175483916115,25.2528475851401,6.3842105263158
NM_001039392.2,0.110148514851485,4.8027982460736,3.32904606306416,38.8001341452461,8.07865168539323
NM_001039483.1,0.0200729927007299,4.8027982460736,3.32904606306416,234.463878012865,48.8181818181818
NM_001039514.1,0.0121889283900457,8.65616258299648,5.9999946888725,701.509842663673,81.0416666666667
NM_001039519.2,0.0335641180012041,4.8027982460736,3.32904606306416,138.290437390307,28.7937219730942
NM_001039521.1,0.068483063328424,4.8027982460736,3.32904606306416,65.3283847449797,13.6021505376344
NM_001039551.1,0,3.95551610979111,2.74175483916115,Inf,Inf
NM_001039824.2,0.0080857085102082,16.1150864699387,11.1701267511177,1976.91823269973,122.675
NM_001039965.1,0.027027027027027,4.8027982460736,3.32904606306416,172.90073685865,36
NM_001040396.2,0,4.8027982460736,3.32904606306416,Inf,Inf
NM_001042408.1,0.0471204188481676,4.8027982460736,3.32904606306416,97.1232534205993,20.2222222222222
NM_001042484.1,0.00786390627507623,3.95551610979111,2.74175483916115,499.040828382217,126.163265306122
NM_001047159.2,0.0891719745222931,8.65616258299648,5.9999946888725,88.4165178120354,10.2142857142857
NM_001048061.1,0.435609157808667,4.8027982460736,3.32904606306416,6.22267759615637,1.29563585171281
NM_001048148.1,0,8.65616258299648,5.9999946888725,Inf,Inf
NM_001048192.2,0,8.65616258299648,5.9999946888725,Inf,Inf
NM_001077636.1,0.00641025641025641,4.8027982460736,3.32904606306416,744.433728141407,155
NM_001079908.2,0.0265306122448979,4.8027982460736,3.32904606306416,176.225751029008,36.6923076923077
NM_001081001.2,0,4.8027982460736,3.32904606306416,Inf,Inf
NM_001081176.1,0,4.8027982460736,3.32904606306416,Inf,Inf
NM_001081188.1,0,8.65616258299648,5.9999946888725,Inf,Inf
NM_001081213.1,0.0762564991334489,4.8027982460736,3.32904606306416,58.179351480846,12.1136363636364
NM_001081240.3,0,3.95551610979111,2.74175483916115,Inf,Inf
NM_001081259.1,0,3.95551610979111,2.74175483916115,Inf,Inf
NM_001081282.2,0.0328638497652582,4.8027982460736,3.32904606306416,141.339491241595,29.4285714285715
NM_001081429.1,0.0578034682080925,3.95551610979111,2.74175483916115,64.4749125895951,16.3
NM_001081475.1,0.250423011844332,3.95551610979111,2.74175483916115,11.839821869172,2.99324324324323
NM_001082548.1,0.166392092257002,3.95551610979111,2.74175483916115,19.8167440747951,5.00990099009901
NM_001083922.1,0.00490242292825493,8.65616258299648,5.9999946888725,1757.03453968323,202.980769230769
NM_001102565.1,0,4.8027982460736,3.32904606306416,Inf,Inf
NM_001109745.1,0.0266666666666666,3.95551610979111,2.74175483916115,144.376338007376,36.5000000000001
NM_001110499.1,0.00895904436860069,4.8027982460736,3.32904606306416,531.280967887093,110.619047619048
NM_001113350.2,0.056813667063965,4.8027982460736,3.32904606306416,79.7331680851659,16.6013986013986
NM_001113564.1,0.0267857142857143,4.8027982460736,3.32904606306416,174.501669607341,36.3333333333334
NM_001114085.1,0,3.95551610979111,2.74175483916115,Inf,Inf
NM_001114119.1,0.304635761589404,3.95551610979111,2.74175483916115,9.02889546800143,2.28260869565217
NM_001115085.1,0,8.65616258299648,5.9999946888725,Inf,Inf
NM_001122873.1,0.0525788683024537,3.95551610979111,2.74175483916115,71.274633140236,18.0190476190476
NM_001127233.1,0.0749693585727904,3.95551610979111,2.74175483916115,48.8062546335261,12.338782924614
NM_001129787.1,0.0949554896142433,4.8027982460736,3.32904606306416,45.776670782889,9.53125000000001
NM_001130408.1,0.135542168674699,3.95551610979111,2.74175483916115,25.2274027446676,6.37777777777775
NM_001130457.1,0.0709730632279869,4.8027982460736,3.32904606306416,62.8679211456703,13.0898526077097
NM_001130484.1,0.027592768791627,4.8027982460736,3.32904606306416,169.257234740939,35.2413793103448
NM_001130485.1,0.027592768791627,4.8027982460736,3.32904606306416,169.257234740939,35.2413793103448
NM_001134692.2,0,3.95551610979111,2.74175483916115,Inf,Inf
NM_001134767.1,0.032258064516129,8.65616258299648,5.9999946888725,259.684877489894,30
NM_001141971.1,0.115653040877368,16.1150864699387,11.1701267511177,123.224842231342,7.64655172413794
NM_001142937.2,0,4.8027982460736,3.32904606306416,Inf,Inf
NM_001146153.1,0,8.65616258299648,5.9999946888725,Inf,Inf
NM_001146308.1,0,3.95551610979111,2.74175483916115,Inf,Inf
NM_001159375.1,0.0631594590578095,4.8027982460736,3.32904606306416,71.2396238664657,14.8329411764706
NM_001159593.1,0.158333333333333,4.8027982460736,3.32904606306416,25.530664360707,5.31578947368421
NM_001160181.1,0.0125186289120716,4.8027982460736,3.32904606306416,378.849299743852,78.8809523809523
NM_001160214.1,0.251227130745203,8.65616258299648,5.9999946888725,25.7993620146858,2.98046181172291
NM_001160239.2,0.0389011682980739,3.95551610979111,2.74175483916115,97.7256488229072,24.7061688311688
NM_001161419.1,0.0174566473988439,3.95551610979111,2.74175483916115,222.63530739811,56.2847682119205
NM_001161854.2,0.134615384615385,3.95551610979111,2.74175483916115,25.4283178486572,6.42857142857143
NM_001163447.1,0.0191341321994588,8.65616258299648,5.9999946888725,443.737627360679,51.2626262626264
NM_001163701.1,0.0198783646807072,3.95551610979111,2.74175483916115,195.030475611656,49.3059490084987
NM_001164237.1,0.0841068917018283,3.95551610979111,2.74175483916115,43.0741152290297,10.8896321070234
NM_001164581.1,0,3.95551610979111,2.74175483916115,Inf,Inf
NM_001164600.1,0.00798908807482463,8.65616258299648,5.9999946888725,1074.84204170817,124.170731707317
NM_001164625.1,0,3.95551610979111,2.74175483916115,Inf,Inf
NM_001164770.1,0.0426929392446633,4.8027982460736,3.32904606306416,107.693514517727,22.423076923077
NM_001166406.1,0.0757800891530461,3.95551610979111,2.74175483916115,48.24178471157,12.1960784313725
NM_001166428.1,0.170701093778016,8.65616258299648,5.9999946888725,42.053310868024,4.85819327731094
NM_001166482.1,0.0427751695357328,3.95551610979111,2.74175483916115,88.516732456911,22.3780487804878
NM_001167910.1,0.00850125944584383,4.8027982460736,3.32904606306416,560.148580625398,116.62962962963
NM_001167939.1,0.0169440605660037,8.65616258299648,5.9999946888725,502.210907873778,58.017730496454
NM_001168672.1,0.147770700636943,3.95551610979111,2.74175483916115,22.812416184916,5.76724137931035
NM_001170953.1,0,3.95551610979111,2.74175483916115,Inf,Inf
NM_001170981.1,0.0369751908396947,3.95551610979111,2.74175483916115,103.022055065979,26.0451612903226
NM_001172074.1,0,3.95551610979111,2.74175483916115,Inf,Inf
NM_001172205.1,0.242081904377648,8.65616258299648,5.9999946888725,27.1010023535981,3.13083333333333
NM_001177621.1,0.0115473441108545,4.8027982460736,3.32904606306416,411.1195298639,85.6000000000001
NM_001177658.1,0.0315934065934066,4.8027982460736,3.32904606306416,147.216207107908,30.6521739130435
NM_001177707.1,0,3.95551610979111,2.74175483916115,Inf,Inf
NM_001190436.1,0.0176386461147306,3.95551610979111,2.74175483916115,220.297302619178,55.6936936936938
NM_001190474.1,0.0245183887915937,16.1150864699387,11.1701267511177,641.150225982561,39.7857142857143
NM_001199105.1,0.04407884525842,3.95551610979111,2.74175483916115,85.7817736626882,21.6866197183099
NM_001199188.1,0.177464788732394,3.95551610979111,2.74175483916115,18.3335032390318,4.63492063492064
NM_001199431.1,0.936699857752489,3.95551610979111,2.74175483916115,0.26730518889249,0.067577828397874
NM_001199484.1,0.438388625592416,3.95551610979111,2.74175483916115,5.06733685416485,1.28108108108109
NM_001199485.1,0.0869565217391304,3.95551610979111,2.74175483916115,41.5329191528067,10.5
NM_001243584.1,0.036490156143924,4.8027982460736,3.32904606306416,126.816212292836,26.4046511627907
NM_001252494.1,0.00311621326360657,4.8027982460736,3.32904606306416,1536.42619983445,319.902298850575
NM_001252625.1,0.0126931567328918,3.95551610979111,2.74175483916115,307.670361757231,77.7826086956524
NM_001253681.1,0.0199449793672628,4.8027982460736,3.32904606306416,235.999568988098,49.1379310344826
NM_001253705.1,0.138068181818182,4.8027982460736,3.32904606306416,29.9829009847475,6.24279835390946
NM_001253877.1,0.0939727802981206,8.65616258299648,5.9999946888725,83.4573468346832,9.64137931034482
NM_001254951.1,0,3.95551610979111,2.74175483916115,Inf,Inf
NM_001271567.1,0.0664449660928534,3.95551610979111,2.74175483916115,55.5751954306962,14.0500490677135
NM_001276704.1,0.14209726443769,4.8027982460736,3.32904606306416,28.9965733680059,6.03743315508022
NM_001278207.1,0.0528169014084507,4.8027982460736,3.32904606306416,86.1301818795864,17.9333333333333
NM_001281974.1,0.0177471037712596,3.95551610979111,2.74175483916115,218.926829132188,55.347222222222
NM_001282032.1,0.105787318800487,16.1150864699387,11.1701267511177,136.219679669011,8.45292887029288
NM_001282118.1,0,4.8027982460736,3.32904606306416,Inf,Inf
NM_001284359.1,0.339797639123104,3.95551610979111,2.74175483916115,7.68528316120703,1.94292803970223
NM_001286663.1,0.0249406175771971,4.8027982460736,3.32904606306416,187.766540953639,39.0952380952382
NM_001288586.2,0.715700141442716,3.95551610979111,2.74175483916115,1.57126232819765,0.397233201581027
NM_001289437.1,0.0794392523364485,4.8027982460736,3.32904606306416,55.6559561456764,11.5882352941177
NM_001289471.1,0.154269972451791,4.8027982460736,3.32904606306416,26.3296260990106,5.48214285714286
NM_001289630.1,0,3.95551610979111,2.74175483916115,Inf,Inf
NM_001289726.1,0.19409282700422,16.1150864699387,11.1701267511177,66.9126416469191,4.15217391304346
NM_001289848.1,0,3.95551610979111,2.74175483916115,Inf,Inf
NM_001289859.1,0.0257009345794392,3.95551610979111,2.74175483916115,149.950019798445,37.909090909091
NM_001290127.1,0.0757829977628636,3.95551610979111,2.74175483916115,48.2397813389654,12.1955719557195
NM_001290380.1,0.0816346061824098,3.95551610979111,2.74175483916115,44.4983969396899,11.2497069167644
NM_001290466.1,0.0810538257909999,3.95551610979111,2.74175483916115,44.8455869990313,11.3374805598755
NM_001290530.1,0.126954921803128,3.95551610979111,2.74175483916115,27.2013390448679,6.8768115942029
NM_001290769.1,0.209563029055136,4.8027982460736,3.32904606306416,18.1153580133016,3.77183406113537
NM_001290808.1,0.146928746928747,8.65616258299648,5.9999946888725,50.2578536591367,5.80602006688963
NM_001290811.1,0.125219426565243,4.8027982460736,3.32904606306416,33.5522587751404,6.98598130841123
NM_001291068.1,0.398379052369078,4.8027982460736,3.32904606306416,7.25305212435214,1.51017214397496
NM_001293621.1,0.0224649629018962,8.65616258299648,5.9999946888725,376.662193863782,43.5137614678898
NM_001294322.1,0.0536371923427529,16.1150864699387,11.1701267511177,284.331036193603,17.6437797416724
NM_001294324.1,0.0536371923427529,16.1150864699387,11.1701267511177,284.331036193603,17.6437797416724
NM_001297606.1,0.188706073532399,16.1150864699387,11.1701267511177,69.2827291291013,4.29924650161464
NM_001301100.1,0.0138248847926267,4.8027982460736,3.32904606306416,342.599608219916,71.3333333333333
NM_001301176.1,0,3.95551610979111,2.74175483916115,Inf,Inf
NM_001301284.1,0.396495071193867,16.1150864699387,11.1701267511177,24.5287642125309,1.52209944751381
NM_001301710.1,0.0182648401826484,4.8027982460736,3.32904606306416,258.150405726455,53.7499999999999
NM_001302382.1,0.0423357664233576,4.8027982460736,3.32904606306416,108.642608600837,22.6206896551724
NM_001302451.1,0.126609442060086,4.8027982460736,3.32904606306416,33.1311675618975,6.89830508474576
NM_001302457.1,0.126609442060086,4.8027982460736,3.32904606306416,33.1311675618975,6.89830508474576
NM_001304269.1,0.0870756803538803,3.95551610979111,2.74175483916115,41.4706705558276,10.4842628382109
NM_001306178.1,0.0231744643637953,16.1150864699387,11.1701267511177,679.266097619681,42.1509433962265
NM_001308448.1,0.0138055222088836,8.65616258299648,5.9999946888725,618.351092341876,71.4347826086954
NM_001309909.1,0.565126050420169,16.1150864699387,11.1701267511177,12.4008286218487,0.769516728624533
NM_001310502.1,0.00376903361977989,4.8027982460736,3.32904606306416,1269.47563240217,264.32
NM_001310542.1,0.0665322580645161,16.1150864699387,11.1701267511177,226.099546532776,14.030303030303
NM_001310548.1,0.11692477321706,3.95551610979111,2.74175483916115,29.8740650898068,7.55250750107158
NM_001310609.1,0.0568181818181818,3.95551610979111,2.74175483916115,65.6615674225325,16.6
NM_001310612.1,0.127364438839849,3.95551610979111,2.74175483916115,27.101159880945,6.85148514851485
NM_001310726.1,0.0246636771300448,3.95551610979111,2.74175483916115,156.422682523558,39.5454545454546
NM_001311093.1,0.0852918877937832,3.95551610979111,2.74175483916115,42.4207127685598,10.7244444444444
NM_001311120.1,0,4.8027982460736,3.32904606306416,Inf,Inf
NM_001313984.1,0.155973451327434,4.8027982460736,3.32904606306416,25.9896103670507,5.4113475177305
NM_001316751.1,0,4.8027982460736,3.32904606306416,Inf,Inf
NM_001316753.1,0,3.95551610979111,2.74175483916115,Inf,Inf
NM_001317217.1,0.00766609880749575,3.95551610979111,2.74175483916115,512.01958532296,129.444444444444
NM_001320725.1,0,3.95551610979111,2.74175483916115,Inf,Inf
NM_001324510.1,0.0684931506849316,3.95551610979111,2.74175483916115,53.7950190931591,13.6
NM_001324515.1,0.0624999999999999,4.8027982460736,3.32904606306416,72.041973691104,15
NM_001324556.1,0.138461538461538,4.8027982460736,3.32904606306416,29.884077975569,6.22222222222222
NM_007393.5,0.246592317224288,3.95551610979111,2.74175483916115,12.0851949485075,3.05527638190954
NM_007450.4,0.0452140452140452,4.8027982460736,3.32904606306416,101.420792749533,21.1170212765958
NM_007509.3,0.0940988835725678,4.8027982460736,3.32904606306416,46.2371085384712,9.6271186440678
NM_007570.2,0.216726160122386,4.8027982460736,3.32904606306416,17.3578778963978,3.61411764705883
NM_007634.4,0,3.95551610979111,2.74175483916115,Inf,Inf
NM_007659.3,0.0890302066772655,3.95551610979111,2.74175483916115,40.4734059091126,10.2321428571429
NM_007687.5,0.0136244541484716,3.95551610979111,2.74175483916115,286.369223999877,72.397435897436
NM_007691.5,0,16.1150864699387,11.1701267511177,Inf,Inf
NM_007705.2,0.0597826086956522,4.8027982460736,3.32904606306416,75.5349178700666,15.7272727272727
NM_007711.3,0.144007731958763,4.8027982460736,3.32904606306416,28.5481765991444,5.94407158836689
NM_007830.4,0.02827965435978,3.95551610979111,2.74175483916115,135.915928550323,34.3611111111112
NM_007836.1,0.0690897184020956,3.95551610979111,2.74175483916115,53.2963616120196,13.4739336492891
NM_007840.3,0.225255972696246,3.95551610979111,2.74175483916115,13.6045781351906,3.43939393939394
NM_007842.2,0.148066298342542,4.8027982460736,3.32904606306416,27.634010803901,5.75373134328357
NM_007853.4,0.0775370581527937,3.95551610979111,2.74175483916115,47.059007835603,11.8970588235294
NM_007907.2,0.0165109034267912,3.95551610979111,2.74175483916115,235.614421860577,59.5660377358493
NM_007918.3,0,4.8027982460736,3.32904606306416,Inf,Inf
NM_008057.3,0.0170674941815361,4.8027982460736,3.32904606306416,276.597517171602,57.5909090909092
NM_008143.3,0.0463704112613855,4.8027982460736,3.32904606306416,98.7718329772875,20.5654761904762
NM_008162.3,0.118243243243243,8.65616258299648,5.9999946888725,64.5502409760596,7.45714285714287
NM_008188.2,0.0191176470588235,3.95551610979111,2.74175483916115,202.948403479282,51.3076923076923
NM_008252.3,0.0449216837983357,8.65616258299648,5.9999946888725,184.038363781066,21.2609643149006
NM_008296.2,0.00942195059842119,4.8027982460736,3.32904606306416,504.942842627737,105.135135135135
NM_008298.6,0,3.95551610979111,2.74175483916115,Inf,Inf
NM_008302.3,0.299065420560748,3.95551610979111,2.74175483916115,9.27074088232292,2.34375
NM_008416.3,0.133466135458167,3.95551610979111,2.74175483916115,25.6813359367035,6.49253731343284
NM_008448.3,0.0756266205704408,4.8027982460736,3.32904606306416,58.7039168477224,12.2228571428571
NM_008452.2,0.16707644914711,3.95551610979111,2.74175483916115,19.7193712246189,4.98528401282641
NM_008503.5,0.189666036546944,3.95551610979111,2.74175483916115,16.899646900968,4.27242524916943
NM_008540.2,0.102145045965271,3.95551610979111,2.74175483916115,34.7689866050639,8.79
NM_008562.3,0.089586969168121,3.95551610979111,2.74175483916115,40.1972903365136,10.1623376623377
NM_008577.4,0.123695976154993,3.95551610979111,2.74175483916115,28.022210512737,7.08433734939759
NM_008628.2,0,4.8027982460736,3.32904606306416,Inf,Inf
NM_008654.2,0.113043478260869,3.95551610979111,2.74175483916115,31.0355879383611,7.84615384615385
NM_008679.3,0.0241028387787895,4.8027982460736,3.32904606306416,194.459964541024,40.4888888888889
NM_008743.2,0,3.95551610979111,2.74175483916115,Inf,Inf
NM_008799.2,0,4.8027982460736,3.32904606306416,Inf,Inf
NM_008907.1,0,3.95551610979111,2.74175483916115,Inf,Inf
NM_008922.2,0.0147826086956522,4.8027982460736,3.32904606306416,320.092377223611,66.6470588235295
NM_008929.3,0.0952380952380952,4.8027982460736,3.32904606306416,45.6265833376992,9.5
NM_009000.3,0.0477080551846908,4.8027982460736,3.32904606306416,95.8677955872039,19.9608208955223
NM_009004.4,0.135770234986945,3.95551610979111,2.74175483916115,25.1783813911703,6.3653846153846
NM_009076.3,0.0548584298584299,3.95551610979111,2.74175483916115,68.1485546774861,17.2287390029325
NM_009077.2,0.071456615626227,4.8027982460736,3.32904606306416,62.4099881976046,12.9945054945055
NM_009078.2,0.134003350083752,3.95551610979111,2.74175483916115,25.5625228595251,6.4625
NM_009081.2,0.0214355310165638,3.95551610979111,2.74175483916115,180.575303618191,45.6515151515152
NM_009091.2,0.0246636771300448,3.95551610979111,2.74175483916115,156.422682523558,39.5454545454546
NM_009092.3,0.1807951987997,3.95551610979111,2.74175483916115,17.9229194684311,4.53112033195021
NM_009095.2,0.0567650378971133,3.95551610979111,2.74175483916115,65.7267435402507,16.6164772727273
NM_009098.2,0.125550660792951,4.8027982460736,3.32904606306416,33.4510684858109,6.96491228070176
NM_009149.2,0.125129198966408,4.8027982460736,3.32904606306416,33.5799156667912,6.99173980382033
NM_009211.2,0.292929292929293,4.8027982460736,3.32904606306416,11.5929612836259,2.41379310344827
NM_009328.2,0,8.65616258299648,5.9999946888725,Inf,Inf
NM_009358.3,0,3.95551610979111,2.74175483916115,Inf,Inf
NM_009438.5,0.238010657193606,4.8027982460736,3.32904606306416,15.3761227430267,3.20149253731343
NM_009460.2,0.0867289719626168,4.8027982460736,3.32904606306416,50.5742935998181,10.5301724137931
NM_009469.3,0.10577971646674,3.95551610979111,2.74175483916115,33.4383836085434,8.45360824742267
NM_009502.4,0.0863273453093812,3.95551610979111,2.74175483916115,41.8644508498701,10.5838150289017
NM_009665.5,0.154661427345933,3.95551610979111,2.74175483916115,21.6198078586328,5.46573626766864
NM_009687.2,0.0642201834862387,3.95551610979111,2.74175483916115,57.6375204569561,14.5714285714285
NM_009790.5,0.00979899497487437,4.8027982460736,3.32904606306416,485.328920199386,101.051282051282
NM_009796.2,0,4.8027982460736,3.32904606306416,Inf,Inf
NM_009831.2,0.0354938271604939,4.8027982460736,3.32904606306416,130.510821904174,27.1739130434782
NM_009864.3,0.0604153555695406,3.95551610979111,2.74175483916115,61.5165161658138,15.5520833333333
NM_009903.2,0.113861386138614,3.95551610979111,2.74175483916115,30.7842340718525,7.78260869565216
NM_010023.4,0.0364013021604025,8.65616258299648,5.9999946888725,229.141994879971,26.4715447154471
NM_010046.2,0,4.8027982460736,3.32904606306416,Inf,Inf
NM_010123.3,0.0304543989687399,4.8027982460736,3.32904606306416,152.901783315475,31.8359788359789
NM_010139.3,0,3.95551610979111,2.74175483916115,Inf,Inf
NM_010202.5,0.170686456400742,4.8027982460736,3.32904606306416,23.3353349564663,4.85869565217391
NM_010240.2,0.173873380769933,8.65616258299648,5.9999946888725,41.1281261026317,4.75131164742917
NM_010256.2,0,4.8027982460736,3.32904606306416,Inf,Inf
NM_010306.3,0.0173652694610778,3.95551610979111,2.74175483916115,223.827652971283,56.5862068965517
NM_010322.3,0,4.8027982460736,3.32904606306416,Inf,Inf
NM_010404.3,0.0285638719915366,4.8027982460736,3.32904606306416,163.339610720632,34.0092592592592
NM_010436.2,0.136,3.95551610979111,2.74175483916115,25.1291611680847,6.35294117647058
NM_010442.2,0.110236220472441,3.95551610979111,2.74175483916115,31.926665743314,8.07142857142858
NM_010480.5,0,3.95551610979111,2.74175483916115,Inf,Inf
NM_010590.5,0,8.65616258299648,5.9999946888725,Inf,Inf
NM_010638.4,0.0467980295566502,3.95551610979111,2.74175483916115,80.5676176046926,20.3684210526316
NM_010771.6,0.0257985257985259,8.65616258299648,5.9999946888725,326.873187062676,37.7619047619047
NM_010798.2,0.0673400673400674,4.8027982460736,3.32904606306416,66.5187557081192,13.85
NM_010880.3,0.0285087719298246,3.95551610979111,2.74175483916115,134.791818202882,34.0769230769231
NM_011015.2,0,3.95551610979111,2.74175483916115,Inf,Inf
NM_011045.2,0.140645731977001,3.95551610979111,2.74175483916115,24.1684522054218,6.11006289308175
NM_011083.2,0.00886547603751767,3.95551610979111,2.74175483916115,442.21523581056,111.797101449275
NM_011130.2,0,4.8027982460736,3.32904606306416,Inf,Inf
NM_011292.2,0.0966386554621849,3.95551610979111,2.74175483916115,36.9754766784821,9.34782608695652
NM_011293.2,0.013953488372093,4.8027982460736,3.32904606306416,339.397742722534,70.6666666666666
NM_011294.3,0,3.95551610979111,2.74175483916115,Inf,Inf
NM_011295.6,0.0405405405405406,3.95551610979111,2.74175483916115,93.6138812650562,23.6666666666666
NM_011297.2,0.0694665153234959,3.95551610979111,2.74175483916115,52.9858187386725,13.3954248366013
NM_011434.1,0.0527950310559006,3.95551610979111,2.74175483916115,70.966612558017,17.9411764705882
NM_011505.2,0.0755724118555977,3.95551610979111,2.74175483916115,48.3852258708835,12.2323420074349
NM_011521.2,0,3.95551610979111,2.74175483916115,Inf,Inf
NM_011543.4,0.213097713097713,3.95551610979111,2.74175483916115,14.6064668054238,3.69268292682928
NM_011574.2,0.0176042862610027,3.95551610979111,2.74175483916115,220.734996822474,55.804347826087
NM_011592.2,0.0331641285956007,4.8027982460736,3.32904606306416,140.016271316656,29.1530612244898
NM_011631.1,0.101954397394137,4.8027982460736,3.32904606306416,42.3045200141371,8.80830670926517
NM_011638.4,0,4.8027982460736,3.32904606306416,Inf,Inf
NM_011655.5,0.0189069423929099,8.65616258299648,5.9999946888725,449.173686533301,51.8906249999999
NM_011699.3,0.0602866779089375,4.8027982460736,3.32904606306416,74.8631978356507,15.5874125874126
NM_011739.3,0.111735769501054,3.95551610979111,2.74175483916115,31.4451091998489,7.94968553459121
NM_011743.2,0.012882096069869,4.8027982460736,3.32904606306416,368.024591025403,76.627118644068
NM_011790.4,0,8.65616258299648,5.9999946888725,Inf,Inf
NM_011791.3,0,8.65616258299648,5.9999946888725,Inf,Inf
NM_011830.3,0,16.1150864699387,11.1701267511177,Inf,Inf
NM_011917.2,0.0637305699481865,4.8027982460736,3.32904606306416,70.5581823630488,14.6910569105691
NM_011968.3,0.046206019499788,3.95551610979111,2.74175483916115,81.6505618993578,20.6422018348624
NM_012003.2,0,4.8027982460736,3.32904606306416,Inf,Inf
NM_012030.2,0.114285714285714,4.8027982460736,3.32904606306416,37.2216864070704,7.75
NM_012053.2,0.134465478841871,3.95551610979111,2.74175483916115,25.4610757460467,6.4368530020704
NM_013481.1,0.0922165820642978,3.95551610979111,2.74175483916115,38.9382457413382,9.84403669724771
NM_013529.3,0.059090909090909,4.8027982460736,3.32904606306416,76.475325918249,15.923076923077
NM_013562.2,0.037037037037037,4.8027982460736,3.32904606306416,124.872754397914,26
NM_013647.2,0.161980440097799,3.95551610979111,2.74175483916115,20.4641984397118,5.17358490566038
NM_013716.2,0.276595744680851,4.8027982460736,3.32904606306416,12.5611646435771,2.61538461538462
NM_013721.3,0.0578861142828774,3.95551610979111,2.74175483916115,64.3772120201594,16.2753001715266
NM_013725.4,0,3.95551610979111,2.74175483916115,Inf,Inf
NM_013760.4,0.391304347826086,4.8027982460736,3.32904606306416,7.47101949389227,1.55555555555556
NM_013762.2,0.0303030303030303,3.95551610979111,2.74175483916115,126.576515513315,32
NM_013765.2,0.0789273776967487,3.95551610979111,2.74175483916115,46.1603780858684,11.669874879692
NM_013859.2,0.0460251046025105,8.65616258299648,5.9999946888725,179.418642629382,20.7272727272727
NM_013914.2,0.0085949833362568,16.1150864699387,11.1701267511177,1858.82589241007,115.34693877551
NM_015787.4,0.0714699632992081,4.8027982460736,3.32904606306416,62.3974355915561,12.9918918918919
NM_015802.3,0,4.8027982460736,3.32904606306416,Inf,Inf
NM_015810.2,0.226377952755905,16.1150864699387,11.1701267511177,55.0715563711819,3.41739130434783
NM_016802.5,0.341687950826573,8.65616258299648,5.9999946888725,16.6773692610632,1.92664695252177
NM_016806.3,0.143761638733706,4.8027982460736,3.32904606306416,28.6052672738943,5.95595854922279
NM_016813.2,0.14209726443769,4.8027982460736,3.32904606306416,28.9965733680059,6.03743315508022
NM_016898.2,0.110015174506828,3.95551610979111,2.74175483916115,31.9987613571378,8.0896551724138
NM_016907.3,0.045886075949367,3.95551610979111,2.74175483916115,82.2474556622085,20.7931034482759
NM_017475.2,0,3.95551610979111,2.74175483916115,Inf,Inf
NM_018771.3,0.0210526315789474,4.8027982460736,3.32904606306416,223.330118442422,46.4999999999999
NM_018808.3,0,3.95551610979111,2.74175483916115,Inf,Inf
NM_018820.4,0.132290184921764,3.95551610979111,2.74175483916115,25.9447830857266,6.55913978494622
NM_018853.3,0.197129590544534,3.95551610979111,2.74175483916115,16.1100463400914,4.07280513918629
NM_018860.4,0.0493685419058554,3.95551610979111,2.74175483916115,76.1666823001636,19.2558139534883
NM_018868.2,0.117647058823529,3.95551610979111,2.74175483916115,29.6663708234333,7.5
NM_019419.2,0.0964101282691987,8.65616258299648,5.9999946888725,81.1286218415873,9.37235421166307
NM_019438.1,0,3.95551610979111,2.74175483916115,Inf,Inf
NM_019479.3,0.0184842883548984,4.8027982460736,3.32904606306416,255.028586866507,53.0999999999999
NM_019552.2,0,8.65616258299648,5.9999946888725,Inf,Inf
NM_019553.2,0.0191660191660192,3.95551610979111,2.74175483916115,202.42620956458,51.1756756756756
NM_019641.4,0,4.8027982460736,3.32904606306416,Inf,Inf
NM_019661.4,0.0543881334981459,3.95551610979111,2.74175483916115,68.7720414543227,17.3863636363636
NM_019772.2,0,3.95551610979111,2.74175483916115,Inf,Inf
NM_019774.5,0.0820716003962077,3.95551610979111,2.74175483916115,44.2404017314051,11.1844827586207
NM_019794.4,0,4.8027982460736,3.32904606306416,Inf,Inf
NM_019883.3,0.0735294117647058,8.65616258299648,5.9999946888725,109.067648545756,12.6
NM_019973.2,0.105879975752677,4.8027982460736,3.32904606306416,40.5579813719002,8.44465648854963
NM_020034.2,0.174166020170675,3.95551610979111,2.74175483916115,18.7556654738202,4.74164810690423
NM_020507.3,0.00576102205904302,3.95551610979111,2.74175483916115,682.644199921877,172.580310880829
NM_020579.2,0,3.95551610979111,2.74175483916115,Inf,Inf
NM_020584.2,0.116450354327574,3.95551610979111,2.74175483916115,30.0118868460151,7.58735042735043
NM_021296.2,0.0294117647058824,8.65616258299648,5.9999946888725,285.653365238883,33
NM_021305.3,0.0282685512367492,4.8027982460736,3.32904606306416,165.096189708779,34.3749999999999
NM_021338.3,0.027592768791627,4.8027982460736,3.32904606306416,169.257234740939,35.2413793103448
NM_021420.3,0.021062271062271,4.8027982460736,3.32904606306416,223.225709784899,46.4782608695653
NM_022331.1,0.0902777777777779,3.95551610979111,2.74175483916115,39.859431567895,10.0769230769231
NM_023133.1,0.124150710315009,4.8027982460736,3.32904606306416,33.8824274275242,7.05472636815921
NM_023138.4,0.115768463073852,4.8027982460736,3.32904606306416,36.6834417760449,7.63793103448276
NM_023166.2,0.0637654880628589,4.8027982460736,3.32904606306416,70.5169145323981,14.6824644549763
NM_023232.3,0.0423728813559321,8.65616258299648,5.9999946888725,195.629274375721,22.6
NM_023281.1,0,4.8027982460736,3.32904606306416,Inf,Inf
NM_023665.3,0.0656324582338902,4.8027982460736,3.32904606306416,68.3743823031932,14.2363636363636
NM_023733.3,0,3.95551610979111,2.74175483916115,Inf,Inf
NM_023755.2,0.0652951699463329,3.95551610979111,2.74175483916115,56.6234840374206,14.3150684931506
NM_023858.3,0.0967741935483871,4.8027982460736,3.32904606306416,44.8261169633536,9.33333333333334
NM_024175.3,0.0540644171779141,3.95551610979111,2.74175483916115,69.2075052684728,17.4964539007092
NM_024179.5,0,3.95551610979111,2.74175483916115,Inf,Inf
NM_024191.2,0.0140845070422535,8.65616258299648,5.9999946888725,605.931380809754,70.0000000000001
NM_024229.2,0,4.8027982460736,3.32904606306416,Inf,Inf
NM_024248.1,0.00362982236356044,4.8027982460736,3.32904606306416,1318.34686722753,274.495575221239
NM_024270.3,0.015625,3.95551610979111,2.74175483916115,249.19751491684,63
NM_024454.1,0,3.95551610979111,2.74175483916115,Inf,Inf
NM_025281.3,0,4.8027982460736,3.32904606306416,Inf,Inf
NM_025337.3,0,4.8027982460736,3.32904606306416,Inf,Inf
NM_025380.2,0.031018206338503,3.95551610979111,2.74175483916115,123.566883690649,31.2391304347827
NM_025404.3,0.0771812080536912,4.8027982460736,3.32904606306416,57.4247616378365,11.9565217391304
NM_025414.3,0.0147694524495677,8.65616258299648,5.9999946888725,577.429382060862,66.7073170731707
NM_025434.3,0.0406976744186046,8.65616258299648,5.9999946888725,204.038118027774,23.5714285714286
NM_025463.3,0.0196483971044467,3.95551610979111,2.74175483916115,197.359435372736,49.8947368421053
NM_025536.2,0,3.95551610979111,2.74175483916115,Inf,Inf
NM_025579.3,0.139423076923077,8.65616258299648,5.9999946888725,53.4294173226334,6.17241379310345
NM_025587.2,0,3.95551610979111,2.74175483916115,Inf,Inf
NM_025589.4,0.105952009971954,3.95551610979111,2.74175483916115,33.3775756440902,8.43823529411764
NM_025596.5,0.0248999555357937,16.1150864699387,11.1701267511177,631.078296938849,39.1607142857143
NM_025615.2,0.0207833733013589,3.95551610979111,2.74175483916115,186.365662865158,47.1153846153846
NM_025649.3,0.415094339622642,4.8027982460736,3.32904606306416,6.76757934674005,1.40909090909091
NM_025656.5,0.106373347818215,4.8027982460736,3.32904606306416,40.3475927548872,8.40085106382978
NM_025717.3,0.222222222222222,4.8027982460736,3.32904606306416,16.8097938612576,3.50000000000001
NM_025722.3,0,4.8027982460736,3.32904606306416,Inf,Inf
NM_025825.3,0.024246483590087,3.95551610979111,2.74175483916115,159.182206318887,40.2430939226521
NM_025845.2,0.0230911737461956,4.8027982460736,3.32904606306416,203.190017487898,42.3065902578796
NM_025880.4,0.421929824561403,4.8027982460736,3.32904606306416,6.580133147947,1.37006237006237
NM_025881.3,0.0733333333333333,4.8027982460736,3.32904606306416,60.6899051094754,12.6363636363636
NM_025918.3,0.11239762778876,4.8027982460736,3.32904606306416,37.9276253452496,7.89698492462312
NM_025974.2,0.104852993269571,3.95551610979111,2.74175483916115,33.7688824643316,8.53716216216217
NM_025980.2,0.0168350168350168,4.8027982460736,3.32904606306416,280.483417570698,58.4000000000001
NM_025996.5,0.0304471931493814,3.95551610979111,2.74175483916115,125.958466121161,31.8437500000001
NM_026014.3,0.0172910662824207,3.95551610979111,2.74175483916115,224.805165573129,56.8333333333335
NM_026020.6,0.153435623749166,3.95551610979111,2.74175483916115,21.8241301883692,5.51739130434782
NM_026160.4,0.119714864770424,3.95551610979111,2.74175483916115,29.085628090443,7.35318155283129
NM_026209.1,0.0546810273405136,4.8027982460736,3.32904606306416,83.0301939207572,17.2878787878788
NM_026246.3,0.0892708622123648,4.8027982460736,3.32904606306416,48.9974914234527,10.2018633540373
NM_026325.3,0.0182166826462129,4.8027982460736,3.32904606306416,258.845547577861,53.8947368421052
NM_026401.2,0.0506725054738818,4.8027982460736,3.32904606306416,89.978349856996,18.7345679012346
NM_026423.4,0,4.8027982460736,3.32904606306416,Inf,Inf
NM_026445.2,0,16.1150864699387,11.1701267511177,Inf,Inf
NM_026453.3,0.162548175017003,4.8027982460736,3.32904606306416,24.7441237391853,5.15202231520222
NM_026464.2,0.130177514792899,4.8027982460736,3.32904606306416,32.091424644219,6.68181818181818
NM_026487.3,0.0173460537727667,3.95551610979111,2.74175483916115,224.079987619666,56.65
NM_026500.3,0.0278193239605145,8.65616258299648,5.9999946888725,302.500305319769,34.9462365591398
NM_026506.2,0.0258913412563667,3.95551610979111,2.74175483916115,148.818188065092,37.6229508196722
NM_026510.1,0,4.8027982460736,3.32904606306416,Inf,Inf
NM_026511.2,0,4.8027982460736,3.32904606306416,Inf,Inf
NM_026513.2,0.0263354501307433,8.65616258299648,5.9999946888725,320.032450674899,36.9716312056738
NM_026517.2,0.0965783664459161,4.8027982460736,3.32904606306416,44.9267470218427,9.35428571428571
NM_026519.3,0,4.8027982460736,3.32904606306416,Inf,Inf
NM_026532.3,0.0241254523522316,4.8027982460736,3.32904606306416,194.273189053677,40.45
NM_026533.3,0.0562737642585551,3.95551610979111,2.74175483916115,66.335074219605,16.7702702702703
NM_026572.3,0.153274510643766,4.8027982460736,3.32904606306416,26.5318197925125,5.52424200083834
NM_026602.3,0,8.65616258299648,5.9999946888725,Inf,Inf
NM_026660.2,0.0221017514595496,3.95551610979111,2.74175483916115,175.012929763399,44.245283018868
NM_026678.4,0.071012805587893,16.1150864699387,11.1701267511177,210.817032836247,13.0819672131147
NM_026735.2,0.0569675723049956,3.95551610979111,2.74175483916115,65.4790051405421,16.5538461538462
NM_026760.2,0.0156170063814319,4.8027982460736,3.32904606306416,302.733622548629,63.0327586206898
NM_026855.4,0.378181818181819,3.95551610979111,2.74175483916115,6.50378129590652,1.64423076923077
NM_026885.3,0.0218687872763419,8.65616258299648,5.9999946888725,387.166544621297,44.7272727272728
NM_026909.2,0.0109213917525773,4.8027982460736,3.32904606306416,434.957843518305,90.5634218289085
NM_026958.3,0,3.95551610979111,2.74175483916115,Inf,Inf
NM_027088.2,0,4.8027982460736,3.32904606306416,Inf,Inf
NM_027090.1,0,8.65616258299648,5.9999946888725,Inf,Inf
NM_027204.2,0,4.8027982460736,3.32904606306416,Inf,Inf
NM_027287.4,0.0339071465832029,4.8027982460736,3.32904606306416,136.842805411205,28.4923076923077
NM_027356.2,0.0824092741935484,3.95551610979111,2.74175483916115,44.0429179074906,11.1345565749235
NM_027475.3,0.0785340314136127,3.95551610979111,2.74175483916115,46.411389021549,11.7333333333333
NM_027772.2,0.0714897260273973,3.95551610979111,2.74175483916115,51.3743379768678,12.9880239520958
NM_027855.4,0.0087401055408971,4.8027982460736,3.32904606306416,544.709816172611,113.415094339623
NM_027901.2,0.0125385187546488,4.8027982460736,3.32904606306416,378.240712718321,78.7542372881355
NM_027911.3,0.144907723855092,4.8027982460736,3.32904606306416,28.3410405935758,5.90094339622642
NM_027927.4,0,4.8027982460736,3.32904606306416,Inf,Inf
NM_027930.3,0,16.1150864699387,11.1701267511177,Inf,Inf
NM_027949.1,0,3.95551610979111,2.74175483916115,Inf,Inf
NM_027980.2,0.0254730713245997,16.1150864699387,11.1701267511177,616.517165235655,38.2571428571429
NM_028007.3,0.0723012217103946,4.8027982460736,3.32904606306416,61.6248240327227,12.8310249307479
NM_028018.2,0.0174446016030175,4.8027982460736,3.32904606306416,270.514366076145,56.3243243243243
NM_028248.2,0.0469591993841416,16.1150864699387,11.1701267511177,327.057000816133,20.2950819672131
NM_028274.4,0.0649484536082475,8.65616258299648,5.9999946888725,124.621261313933,14.3968253968254
NM_028320.4,0.0082815734989648,8.65616258299648,5.9999946888725,1036.57546931383,119.75
NM_028339.1,0.0740291262135923,3.95551610979111,2.74175483916115,49.4763736355839,12.5081967213115
NM_028358.2,0.0249406175771971,4.8027982460736,3.32904606306416,187.766540953639,39.0952380952382
NM_028364.2,0.00798908807482463,8.65616258299648,5.9999946888725,1074.84204170817,124.170731707317
NM_028390.3,0,3.95551610979111,2.74175483916115,Inf,Inf
NM_028791.6,0.125581395348837,4.8027982460736,3.32904606306416,33.4417063059939,6.96296296296296
NM_028918.2,0.0465471194200686,4.8027982460736,3.32904606306416,98.3786296470322,20.4836065573771
NM_029083.2,0.0824742268041235,3.95551610979111,2.74175483916115,44.0051167214262,11.125
NM_029086.2,0.0703093611892326,3.95551610979111,2.74175483916115,52.3032244460379,13.2228571428571
NM_029103.3,0.0158244002041858,3.95551610979111,2.74175483916115,246.007582570234,62.1935483870967
NM_029162.2,0.00816802800466745,3.95551610979111,2.74175483916115,480.312670474634,121.428571428571
NM_029211.2,0.00969618616677441,4.8027982460736,3.32904606306416,490.525794198983,102.133333333333
NM_029248.2,0.0315126050420169,3.95551610979111,2.74175483916115,121.56619510758,30.7333333333333
NM_029366.2,0,4.8027982460736,3.32904606306416,Inf,Inf
NM_029368.1,0.0584239130434783,4.8027982460736,3.32904606306416,77.4032368495116,16.1162790697674
NM_029556.3,0.0611384399156711,3.95551610979111,2.74175483916115,60.7421784216199,15.3563218390805
NM_029578.3,0.00365158166823945,4.8027982460736,3.32904606306416,1310.46238885001,272.853932584269
NM_029762.1,0.240437158469945,3.95551610979111,2.74175483916115,12.4958349832038,3.15909090909092
NM_029780.3,0.0757623388871424,3.95551610979111,2.74175483916115,48.2540139534683,12.1991701244813
NM_029884.1,0,3.95551610979111,2.74175483916115,Inf,Inf
NM_029885.1,0,4.8027982460736,3.32904606306416,Inf,Inf
NM_030116.2,0.0177664974619289,3.95551610979111,2.74175483916115,218.683533498452,55.2857142857143
NM_030244.3,0.0718603089321692,3.95551610979111,2.74175483916115,51.0890024647787,12.9158878504673
NM_030564.1,0.0322580645161291,3.95551610979111,2.74175483916115,118.665483293733,30
NM_030609.3,0.202781051143059,3.95551610979111,2.74175483916115,15.5508237947227,3.93142724314273
NM_030705.4,0.0899149453219928,3.95551610979111,2.74175483916115,40.0362373815343,10.1216216216216
NM_033618.3,0,4.8027982460736,3.32904606306416,Inf,Inf
NM_053068.3,0,8.65616258299648,5.9999946888725,Inf,Inf
NM_053157.2,0.0434782608695652,8.65616258299648,5.9999946888725,190.435576825923,22
NM_053177.1,0.00925925925925927,3.95551610979111,2.74175483916115,423.240223747649,107
NM_053272.2,0.0742574257425742,3.95551610979111,2.74175483916115,49.3121008353959,12.4666666666667
NM_054070.3,0.0593569661995053,8.65616258299648,5.9999946888725,137.17613204443,15.8472222222222
NM_057172.3,0.0562422744128554,3.95551610979111,2.74175483916115,66.3744296664948,16.7802197802198
NM_080554.2,0,8.65616258299648,5.9999946888725,Inf,Inf
NM_080556.3,0,3.95551610979111,2.74175483916115,Inf,Inf
NM_133240.2,0.0478515625,4.8027982460736,3.32904606306416,95.5658834677909,19.8979591836735
NM_133673.3,0.0148514851485149,4.8027982460736,3.32904606306416,318.585616989547,66.3333333333331
NM_133676.2,0,8.65616258299648,5.9999946888725,Inf,Inf
NM_133735.2,0,3.95551610979111,2.74175483916115,Inf,Inf
NM_133777.2,0.10335323840147,3.95551610979111,2.74175483916115,34.3162997613878,8.67555555555555
NM_133796.7,0.0713678844519965,4.8027982460736,3.32904606306416,62.493553368553,13.0119047619048
NM_133801.2,0.0186246418338109,4.8027982460736,3.32904606306416,253.070522966185,52.6923076923076
NM_133815.2,0.0184100418410042,4.8027982460736,3.32904606306416,256.076470120197,53.3181818181818
NM_133953.2,0.0156296964232042,4.8027982460736,3.32904606306416,302.483927997903,62.9807692307689
NM_133962.3,0.0360196942213009,3.95551610979111,2.74175483916115,105.859855600165,26.7625899280576
NM_133973.2,0.0170394036208733,4.8027982460736,3.32904606306416,277.06142382037,57.6874999999999
NM_134003.1,0.0288401253918496,8.65616258299648,5.9999946888725,291.486866110033,33.6739130434782
NM_134077.4,0.0532915360501567,3.95551610979111,2.74175483916115,70.268580303348,17.764705882353
NM_134097.3,0.0309090909090909,3.95551610979111,2.74175483916115,124.017063912862,31.3529411764706
NM_134101.2,0.443238731218697,3.95551610979111,2.74175483916115,4.96860498160203,1.25612052730697
NM_134141.4,0.330011956954962,3.95551610979111,2.74175483916115,8.03046205381503,2.03019323671497
NM_134150.2,0,3.95551610979111,2.74175483916115,Inf,Inf
NM_138585.3,0,4.8027982460736,3.32904606306416,Inf,Inf
NM_138747.2,0.0687727825030376,3.95551610979111,2.74175483916115,53.5602040025426,13.5406360424028
NM_138748.5,0.0295454545454546,8.65616258299648,5.9999946888725,284.321647918423,32.8461538461538
NM_139149.2,0.199110122358176,4.8027982460736,3.32904606306416,19.3185180847652,4.02234636871507
NM_144525.3,0.0195227765726681,4.8027982460736,3.32904606306416,241.207200802807,50.2222222222222
NM_144818.3,0.0342105263157895,3.95551610979111,2.74175483916115,111.667262484103,28.2307692307692
NM_144857.1,0.0596112311015118,4.8027982460736,3.32904606306416,75.7658824761031,15.7753623188406
NM_144866.3,0.0523338048090524,3.95551610979111,2.74175483916115,71.6269133394606,18.1081081081081
NM_144884.2,0.026,8.65616258299648,5.9999946888725,324.273167532253,37.4615384615385
NM_144898.2,0,3.95551610979111,2.74175483916115,Inf,Inf
NM_144900.2,0.106657608695652,4.8027982460736,3.32904606306416,40.2272591948203,8.37579617834395
NM_144931.3,0,3.95551610979111,2.74175483916115,Inf,Inf
NM_145073.2,0.211300899801739,3.95551610979111,2.74175483916115,14.764310040985,3.73258751353301
NM_145359.2,0.0928224500809499,4.8027982460736,3.32904606306416,46.9389758816844,9.77325581395348
NM_145404.1,0.0400413329888918,4.8027982460736,3.32904606306416,115.143214725222,23.9741935483871
NM_145412.3,0,4.8027982460736,3.32904606306416,Inf,Inf
NM_145462.2,0.0793388429752066,4.8027982460736,3.32904606306416,55.7324713138123,11.6041666666667
NM_145531.2,0,8.65616258299648,5.9999946888725,Inf,Inf
NM_145546.1,0.0485074626865672,4.8027982460736,3.32904606306416,94.2087348268282,19.6153846153846
NM_145916.2,0.19009900990099,3.95551610979111,2.74175483916115,16.8521467594226,4.26041666666667
NM_145997.2,0.0740740740740741,4.8027982460736,3.32904606306416,60.0349780759199,12.5
NM_146000.2,0.0194458785062812,8.65616258299648,5.9999946888725,436.48508316738,50.4247787610619
NM_146035.2,0,4.8027982460736,3.32904606306416,Inf,Inf
NM_146036.1,0.0376569037656904,3.95551610979111,2.74175483916115,101.085411694662,25.5555555555556
NM_146190.2,0.0133136094674557,4.8027982460736,3.32904606306416,355.940714459008,74.1111111111108
NM_146216.2,0.0547501542257865,3.95551610979111,2.74175483916115,68.291149963126,17.2647887323944
NM_146218.4,0.0760791795850226,4.8027982460736,3.32904606306416,58.3261454711257,12.1442006269593
NM_148927.2,0,3.95551610979111,2.74175483916115,Inf,Inf
NM_148952.1,0.00888837585132172,3.95551610979111,2.74175483916115,441.065731411253,111.506493506493
NM_152895.2,0.0859538784067087,4.8027982460736,3.32904606306416,51.0736593972704,10.6341463414634
NM_153064.5,0,8.65616258299648,5.9999946888725,Inf,Inf
NM_153126.2,0.0262657475635844,16.1150864699387,11.1701267511177,597.424902480579,37.0723981900453
NM_153173.4,0.142629241581512,4.8027982460736,3.32904606306416,28.8705088038613,6.01118500604594
NM_153176.4,0.143793103448276,8.65616258299648,5.9999946888725,51.5425700085858,5.95443645083934
NM_153407.2,0.0536585365853658,8.65616258299648,5.9999946888725,152.663231009211,17.6363636363637
NM_153526.5,0.5,4.8027982460736,3.32904606306416,4.8027982460736,1
NM_153555.2,0,4.8027982460736,3.32904606306416,Inf,Inf
NM_153570.2,0.0377906976744186,4.8027982460736,3.32904606306416,122.286632265412,25.4615384615384
NM_153798.2,0,3.95551610979111,2.74175483916115,Inf,Inf
NM_170588.3,0,3.95551610979111,2.74175483916115,Inf,Inf
NM_172265.2,0.0505359877488514,4.8027982460736,3.32904606306416,90.2343912898676,18.7878787878788
NM_172405.3,0.0904163587090417,4.8027982460736,3.32904606306416,48.3158886226259,10.0599455040872
NM_172598.3,0,4.8027982460736,3.32904606306416,Inf,Inf
NM_172739.4,0.170048309178744,4.8027982460736,3.32904606306416,23.4409300760069,4.88068181818182
NM_172762.2,0.00917782026768642,3.95551610979111,2.74175483916115,427.030926686199,107.958333333333
NM_172894.2,0.102459016393443,8.65616258299648,5.9999946888725,75.8279842270489,8.75999999999997
NM_172939.3,0,8.65616258299648,5.9999946888725,Inf,Inf
NM_173026.2,0.0879676440849342,16.1150864699387,11.1701267511177,167.078252826261,10.367816091954
NM_173189.2,0.137191854233655,4.8027982460736,3.32904606306416,30.2050983444472,6.2890625
NM_173432.2,0.0355871886120996,4.8027982460736,3.32904606306416,130.155832468594,27.1
NM_173441.3,0,4.8027982460736,3.32904606306416,Inf,Inf
NM_175004.2,0.032994923857868,3.95551610979111,2.74175483916115,115.927049063878,29.3076923076923
NM_175135.4,0.0178571428571429,4.8027982460736,3.32904606306416,264.153903534047,54.9999999999999
NM_175246.4,0.0316055625790139,3.95551610979111,2.74175483916115,121.197013604,30.64
NM_175334.3,0.0167525773195876,16.1150864699387,11.1701267511177,945.831613581786,58.6923076923077
NM_175335.3,0,4.8027982460736,3.32904606306416,Inf,Inf
NM_175364.4,0,16.1150864699387,11.1701267511177,Inf,Inf
NM_175666.2,0.216082972224196,3.95551610979111,2.74175483916115,14.3500267521753,3.62785192977842
NM_176831.4,0.017594537815126,8.65616258299648,5.9999946888725,483.323943626714,55.8358208955224
NM_176838.2,0.191446028513238,4.8027982460736,3.32904606306416,20.2841585499066,4.22340425531915
NM_176843.3,0.0407554671968191,4.8027982460736,3.32904606306416,113.041470913683,23.5365853658536
NM_177140.3,0.0624999999999999,4.8027982460736,3.32904606306416,72.041973691104,15
NM_177150.2,0,4.8027982460736,3.32904606306416,Inf,Inf
NM_177185.4,0.0338983050847458,3.95551610979111,2.74175483916115,112.732209129047,28.5
NM_177632.3,0.053781512605042,4.8027982460736,3.32904606306416,84.4992316418574,17.59375
NM_177633.4,0.032496914849856,3.95551610979111,2.74175483916115,117.764226458591,29.7721518987342
NM_177648.3,0.00545090956005677,3.95551610979111,2.74175483916115,721.706149381118,182.455621301775
NM_177815.3,0,4.8027982460736,3.32904606306416,Inf,Inf
NM_177899.3,0.0621019108280255,4.8027982460736,3.32904606306416,72.5345683830089,15.1025641025641
NM_178183.2,0.0176518511813163,3.95551610979111,2.74175483916115,220.129542684374,55.6512820512819
NM_178184.2,0.0743174061433447,3.95551610979111,2.74175483916115,49.2691093859056,12.4557979334099
NM_178189.5,0.108041091037903,3.95551610979111,2.74175483916115,32.6557034900132,8.25573770491804
NM_178193.2,0.0788821002964128,4.8027982460736,3.32904606306416,56.0829822798793,11.6771472392638
NM_178197.2,0.295861859476132,4.8027982460736,3.32904606306416,11.4304474131596,2.37995577317959
NM_178198.2,0.0797999047165317,4.8027982460736,3.32904606306416,55.3827152972606,11.5313432835821
NM_178204.2,0.123308462721097,3.95551610979111,2.74175483916115,28.1227048208989,7.10974346717655
NM_178205.2,0.155294998128976,3.95551610979111,2.74175483916115,21.515465940165,5.43935742971888
NM_178376.3,0.0533135875601628,3.95551610979111,2.74175483916115,70.2378798106659,17.7569444444445
NM_178604.3,0.0471204188481676,4.8027982460736,3.32904606306416,97.1232534205993,20.2222222222222
NM_178798.3,0.0576923076923076,4.8027982460736,3.32904606306416,78.4457046858688,16.3333333333334
NM_181517.3,0.283450704225353,4.8027982460736,3.32904606306416,12.141235317714,2.527950310559
NM_181593.2,0,4.8027982460736,3.32904606306416,Inf,Inf
NM_183316.2,0.0995887191539365,16.1150864699387,11.1701267511177,145.701298024667,9.04129793510325
NM_194444.2,0,3.95551610979111,2.74175483916115,Inf,Inf
NM_197982.3,0.217183233205898,3.95551610979111,2.74175483916115,14.2572899682965,3.60440700342627
NM_198019.2,0.0606060606060605,4.8027982460736,3.32904606306416,74.4433728141408,15.5
NM_198031.1,0.0806122448979592,4.8027982460736,3.32904606306416,54.7762179710419,11.4050632911392
NM_198102.2,0.080042689434365,3.95551610979111,2.74175483916115,45.4620651551992,11.4933333333333
NM_198605.3,0.054963084495488,4.8027982460736,3.32904606306416,82.5794564101014,17.1940298507463
NM_198652.2,0.0196510928413876,4.8027982460736,3.32904606306416,239.600822704631,49.8877551020408
NM_198653.2,0.00862745098039215,4.8027982460736,3.32904606306416,551.885180276094,114.909090909091
NM_199008.2,0,4.8027982460736,3.32904606306416,Inf,Inf
NM_199035.2,0.0259740259740259,4.8027982460736,3.32904606306416,180.10493422776,37.5
NM_199199.3,0.0232333010648596,4.8027982460736,3.32904606306416,201.917642928678,42.0416666666667
NM_199301.2,0.0536753040719196,3.95551610979111,2.74175483916115,69.7378923987311,17.6305418719212
NM_199446.1,0.0170824295010846,4.8027982460736,3.32904606306416,276.351486381219,57.5396825396825
NM_207523.2,0.0248039007843969,3.95551610979111,2.74175483916115,155.516017991787,39.3162393162393
NM_207678.1,0.0672514619883041,8.65616258299648,5.9999946888725,120.057211477212,13.8695652173913
NR_002847.2,0.269088669950739,3.95551610979111,2.74175483916115,10.7441593188148,2.7162471395881
NR_002865.2,0.114191297962181,3.95551610979111,2.74175483916115,30.6838669288458,7.7572347266881
NR_003270.2,0.0312930525487108,3.95551610979111,2.74175483916115,122.446857184855,30.9559748427674
NR_003513.3,0.204309349749904,3.95551610979111,2.74175483916115,15.4049101978305,3.89453860640301
NR_015475.1,0,3.95551610979111,2.74175483916115,Inf,Inf
NR_015507.2,0.00825571549534293,4.8027982460736,3.32904606306416,576.951532893713,120.128205128205
NR_015531.1,0.0870535714285713,8.65616258299648,5.9999946888725,90.7787306780914,10.4871794871795
NR_015538.1,0.00805966558402503,4.8027982460736,3.32904606306416,591.10260204661,123.074626865672
NR_015586.2,0.0640279394644935,3.95551610979111,2.74175483916115,57.8224536776738,14.6181818181818
NR_024067.2,0.139300713454435,3.95551610979111,2.74175483916115,24.4400032791669,6.17871413003993
NR_024509.1,0,8.65616258299648,5.9999946888725,Inf,Inf
NR_027785.1,0.226377952755905,16.1150864699387,11.1701267511177,55.0715563711819,3.41739130434783
NR_027900.2,0.0499768625636279,3.95551610979111,2.74175483916115,75.1914312351959,19.0092592592593
NR_027901.1,0.0201072386058981,3.95551610979111,2.74175483916115,192.76548508382,48.7333333333333
NR_028081.1,0.0390243902439025,3.95551610979111,2.74175483916115,97.404584203606,24.625
NR_028329.1,0,3.95551610979111,2.74175483916115,Inf,Inf
NR_028526.1,0.265193370165745,8.65616258299648,5.9999946888725,23.9847838237195,2.77083333333335
NR_028592.1,0.0518044237485448,8.65616258299648,5.9999946888725,158.436953344958,18.3033707865168
NR_029412.1,0.102420856610801,16.1150864699387,11.1701267511177,141.226757791099,8.76363636363633
NR_029433.1,0.0309477756286267,4.8027982460736,3.32904606306416,150.387620080179,31.3125
NR_030252.1,0.0687397708674305,4.8027982460736,3.32904606306416,65.066481000378,13.547619047619
NR_030694.1,0.0672304439746299,4.8027982460736,3.32904606306416,66.6350498794866,13.874213836478
NR_030703.1,0.0571428571428573,16.1150864699387,11.1701267511177,265.898926753988,16.5
NR_030704.1,0.255533199195171,16.1150864699387,11.1701267511177,46.9494645187189,2.91338582677165
NR_033199.1,0,4.8027982460736,3.32904606306416,Inf,Inf
NR_033222.1,0.0213492741246798,8.65616258299648,5.9999946888725,396.798492804558,45.84
NR_034038.1,0.125928217821782,4.8027982460736,3.32904606306416,33.336376032329,6.94103194103194
NR_037622.1,0.037871033776868,3.95551610979111,2.74175483916115,100.491490356855,25.4054054054054
NR_037960.1,0.06,4.8027982460736,3.32904606306416,75.2438391884863,15.6666666666667
NR_037961.1,0.129770992366413,4.8027982460736,3.32904606306416,32.2070000030817,6.70588235294116
NR_037999.1,0.0351758793969849,3.95551610979111,2.74175483916115,108.494156154271,27.4285714285715
NR_038009.1,0.0385740600281721,3.95551610979111,2.74175483916115,98.5879057364509,24.9241573033708
NR_038073.1,0.112476370510397,4.8027982460736,3.32904606306416,37.8977105299421,7.89075630252101
NR_038081.2,0.144907723855092,4.8027982460736,3.32904606306416,28.3410405935758,5.90094339622642
NR_038151.1,0.0653319283456269,3.95551610979111,2.74175483916115,56.5893998287858,14.3064516129032
NR_040446.1,0.0267494626224027,8.65616258299648,5.9999946888725,314.945201122416,36.3839285714285
NR_040721.1,0.0755649717514125,3.95551610979111,2.74175483916115,48.3903793244538,12.2336448598131
NR_045057.1,0.0102918104800753,4.8027982460736,3.32904606306416,461.859336212358,96.1646341463415
NR_045268.1,0.125847047434656,4.8027982460736,3.32904606306416,33.3609755092651,6.94615384615385
NR_045749.1,0.0173759758247293,3.95551610979111,2.74175483916115,223.687302324708,56.550724637681
NR_045893.1,0.120754275005856,3.95551610979111,2.74175483916115,28.801221567606,7.28128031037827
NR_077221.1,0,3.95551610979111,2.74175483916115,Inf,Inf
NR_103491.1,0.225672877846791,4.8027982460736,3.32904606306416,16.4793260920323,3.43119266055046
NR_106097.1,0.0177471037712596,3.95551610979111,2.74175483916115,218.926829132188,55.347222222222
NR_122116.1,0,8.65616258299648,5.9999946888725,Inf,Inf
NR_131048.1,0.0561965016747302,3.95551610979111,2.74175483916115,66.43171426775,16.794701986755
NR_131212.1,0.204309349749904,3.95551610979111,2.74175483916115,15.4049101978305,3.89453860640301
NR_132423.1,0,3.95551610979111,2.74175483916115,Inf,Inf
NR_134309.1,0.0121957029202992,4.8027982460736,3.32904606306416,389.007897001313,80.99609375
